namelist_title,namelist_author,namelist_id,an_assault_army,an_clone_army,an_defense_army,an_gene_warrior_army,an_industrial_army,an_machine_assault_1,an_machine_assault_2,an_machine_assault_3,an_machine_defense,an_occupation_army,an_postatomic_army,an_primitive_army,an_psionic_army,an_robotic_army,an_robotic_defense_army,an_robotic_occupation_army,an_slave_army,an_undead_army,an_xenomorph_army,cn_first_names_female,cn_first_names_male,cn_regnal_first_names_female,cn_regnal_first_names_male,cn_regnal_second_names,cn_second_names,fn_fleet_names,fn_random_names,pn_generic_planets,pn_arid_planets,pn_desert_planets,pn_alpine_planets,pn_continental_planets,pn_savannah_planets,pn_ocean_planets,pn_arctic_planets,pn_tundra_planets,pn_tropical_planets,pn_gaia_planets,sn_generic,sn_corvette,sn_destroyer,sn_frigate,sn_cruiser,sn_battle_cruiser,sn_striker_cruiser,sn_battleship,sn_carrier,sn_dreadnought,sn_titan,sn_flagship,sn_juggernaut,sn_colossus,sn_colonizer,sn_sponsored_colonizer,sn_constructor,sn_exploration_ship,sn_science,sn_transport,sn_headquarters,sn_military_station_large,sn_military_station_medium,sn_military_station_small,sn_ion_cannon,sn_xl_cannon
Sci-Fi Novel Mashup (ONL),osiris,novel_mashup,$ORD$ Colonial Assault Unit,$ORD$ Ultra-Marine Commando Force,$ORD$ Colonial Guardian Garrison,$ORD$ Sardaukar Force,$ORD$ Corporate Ultra-Marine Force,$ORD$ Demarchist Assault Army,$ORD$ Demarchist Assault Army,$ORD$ Demarchist Assault Army,$ORD$ Demarchist Guardian Garrison,$ORD$ Colonial Garrison Army,$ORD$ Cleaner Unit,$ORD$ Fremen Sietch,$ORD$ Bene Gesserit Coven,$ORD$ Demarchist Army,$ORD$ Demarchist Guardian Army,$ORD$ Demarchist Garrison Army,$ORD$ Conscript Regiment,$ORD$ Collapsar Unit,$ORD$ Xeno-Swarm,Jessica,Paul,Jessica Atreides,Paul Atreides,,Atreides,$ORD$ Naval Fleet,,Arrakis,,,,,,,,,,,,Razorback,Razorback,Razorback,Pinus Contorta,Pinus Contorta,Pinus Contorta,Hammurabi,Hammurabi,Hammurabi,Hammurabi,Breachmaker,Breachmaker,Breachmaker,Ithaca,CHOAM,Ithaca,Ithaca,Ithaca,Heighliner,United Nations,Ring Station,Plasma Mirror,Sentinel,Graser,Lasgun
,,,,,,,,,,,,,,,,,,,,,,Alia,Leto,Alia Atreides,Leto Atreides,,Harkonnen,,,Caladan,,,,,,,,,,,,Rocinante,Rocinante,Rocinante,Imperial,Imperial,Imperial,Audacious,Audacious,Audacious,Audacious,Nostalgia for Infinity,Nostalgia for Infinity,Nostalgia for Infinity,Kepler,Spacing Guild,Kepler,Kepler,Kepler,Lighthugger,,,,,,
,,,,,,,,,,,,,,,,,,,,,,Chani,Duncan,Chani Kynes,Duncan Idaho,,Corrino,,,Giedi Prime,,,,,,,,,,,,Trumpet,Trumpet,Trumpet,Resolute,Resolute,Resolute,Thunder,Thunder,Thunder,Thunder,Gnostic Ascension,Gnostic Ascension,Gnostic Ascension,Galileo,Bene Gesserit,Galileo,Galileo,Galileo,,,,,,,
,,,,,,,,,,,,,,,,,,,,,,Irulan,Gurney,Chrisjen Avasarala,Gurney Halleck,,Yueh,,,Salusa Secundus,,,,,,,,,,,,Thuriya,Thuriya,Thuriya,Conquest,Conquest,Conquest,Titan,Titan,Titan,Titan,Hesperus,Hesperus,Hesperus,Corona,ITC,Corona,Corona,Corona,,,,,,,
,,,,,,,,,,,,,,,,,,,,,,Lichna,Thufir,Naomi Nagata,Thufir Hawat,,Idaho,,,Ix,,,,,,,,,,,,Anubis,Anubis,Anubis,Eclipse,Eclipse,Eclipse,Goliath,Goliath,Goliath,Goliath,Zodiacal Light,Zodiacal Light,Zodiacal Light,Ozymandias,Cinnabar,Ozymandias,Ozymandias,Ozymandias,,,,,,,
,,,,,,,,,,,,,,,,,,,,,,Morn,Miles,Bobbie Draper,Miles Kinnison,,Teg,,,Wallach IX,,,,,,,,,,,,Knight,Knight,Knight,Conqueror,Conqueror,Conqueror,Cratos,Cratos,Cratos,Cratos,Pale Raven,Pale Raven,Pale Raven,Canterbury,Alchemax,Canterbury,Canterbury,Canterbury,,,,,,,
,,,,,,,,,,,,,,,,,,,,,,Minna,Angus,Juliette Mao,Angus Thermopyle,,Amsel,,,Richese,,,,,,,,,,,,Tachi,Tachi,Tachi,Aegis,Aegis,Aegis,Odyssey,Odyssey,Odyssey,Odyssey,Donnager,Donnager,Donnager,Weeping Somnambulist,Prox Dynamics,Weeping Somnambulist,Weeping Somnambulist,Weeping Somnambulist,,,,,,,
,,,,,,,,,,,,,,,,,,,,,,Warden,Nick,Ilia Volyova,Nick Succorso,,Gailet,,,Kaitain,,,,,,,,,,,,Canterbury,Canterbury,Canterbury,Apocalypse,Apocalypse,Apocalypse,Colossus,Colossus,Colossus,Colossus,,,,Nauvoo,Sol System Cooperative,Nauvoo,Nauvoo,Nauvoo,,,,,,,
,,,,,,,,,,,,,,,,,,,,,,Hellin,Holt,Galiana Khouri,Holt Fasner,,Morn,,,Earth,,,,,,,,,,,,Nightdancer,Nightdancer,Nightdancer,Archon,Archon,Archon,Retribution,Retribution,Retribution,Retribution,,,,Santiago,Star Helix Security,Santiago,Santiago,Santiago,,,,,,,
,,,,,,,,,,,,,,,,,,,,,,Gailet,Warden,Sylva Khouri,Warden Dios,,Luis,,,Punishment,,,,,,,,,,,,Chung Kuo,Chung Kuo,Chung Kuo,Ascendant,Ascendant,Ascendant,Imperator,Imperator,Imperator,Imperator,,,,Y Que,Diadem Industries,Y Que,Y Que,Y Que,,,,,,,
,,,,,,,,,,,,,,,,,,,,,,Ilia,Nevil,Morn Hyland,Sylveste,,Kinnison,,,Lalonde,,,,,,,,,,,,Stellar Night,Stellar Night,Stellar Night,Avenger,Avenger,Avenger,Vindicator,Vindicator,Vindicator,Vindicator,,,,Bradbury,Sylph Corporation,Bradbury,Bradbury,Bradbury,,,,,,,
,,,,,,,,,,,,,,,,,,,,,,Sylveste,Angus,Warden Dios,Dan Sylveste,,Drasdo,,,Yellowstone,,,,,,,,,,,,Freedom,Freedom,Freedom,Bastion,Bastion,Bastion,Broadside,Broadside,Broadside,Broadside,,,,Castillo,Far Horizons Foundation,Castillo,Castillo,Castillo,,,,,,,
,,,,,,,,,,,,,,,,,,,,,,Pascale,Gill,Minna Drosos,Calvin Sylveste,,Metz,,,Sky's Edge,,,,,,,,,,,,Manifest Destiny,Manifest Destiny,Manifest Destiny,Blaze,Blaze,Blaze,Excalibur,Excalibur,Excalibur,Excalibur,,,,Barbapiccola,Exotech Larimer,Barbapiccola,Barbapiccola,Barbapiccola,,,,,,,
,,,,,,,,,,,,,,,,,,,,,,Galiana,Lars,Hellin Mueller,Alex Lomax,,Amalfi,,,Resurgam,,,,,,,,,,,,Resurrection,Resurrection,Resurrection,Brute,Brute,Brute,Leviathan,Leviathan,Leviathan,Leviathan,,,,Migdal Bavel,Ant Farm,Migdal Bavel,Migdal Bavel,Migdal Bavel,,,,,,,
,,,,,,,,,,,,,,,,,,,,,,Sylva,Quinn,Gailet Jones,Sam Brannigan,,Sylveste,,,Ararat,,,,,,,,,,,,White Witch,White Witch,White Witch,Constellation,Constellation,Constellation,Dreadnought,Dreadnought,Dreadnought,Dreadnought,,,,Geneva,Reivich-Kompakt,Geneva,Geneva,Geneva,,,,,,,
,,,,,,,,,,,,,,,,,,,,,,Naomi,Sylveste,Pascale Eriksen,Miller,,Volyova,,,Hela,,,,,,,,,,,,Nightshade,Nightshade,Nightshade,Contender,Contender,Contender,Behemoth,Behemoth,Behemoth,Behemoth,,,,,Protogen Corporation,,,,,,,,,,
,,,,,,,,,,,,,,,,,,,,,,Chrisjen,Dan,Sylveste's wife,Holden,,Akinya,,,Cerberus,,,,,,,,,,,,Lorean,Lorean,Lorean,Crusader,Crusader,Crusader,Illustrious,Illustrious,Illustrious,Illustrious,,,,,Extropa Energy,,,,,,,,,,
,,,,,,,,,,,,,,,,,,,,,,Melba,Volyova,Estelle Baxendale,Amos Burton,,Baxendale,,,Mars,,,,,,,,,,,,Transcendent Epoch,Transcendent Epoch,Transcendent Epoch,Dagger,Dagger,Dagger,Vanguard,Vanguard,Vanguard,Vanguard,,,,,Kuat Drive Yards,,,,,,,,,,
,,,,,,,,,,,,,,,,,,,,,,Juliette,Kostya,Mariam Akinya,Praxidike Meng,,Cavendish,,,Jupiter,,,,,,,,,,,,Ephemeral Euphoria,Ephemeral Euphoria,Ephemeral Euphoria,Darkstar,Darkstar,Darkstar,Titan,Titan,Titan,Titan,,,,,Yamatai Corporation,,,,,,,,,,
,,,,,,,,,,,,,,,,,,,,,,Bobbie,Calvin,Melba Koh,Ashford,,Gaffney,,,Saturn,,,,,,,,,,,,Immutable Odyssey,Immutable Odyssey,Immutable Odyssey,Defender,Defender,Defender,Behemoth,Behemoth,Behemoth,Behemoth,,,,,,,,,,,,,,,
,,,,,,,,,,,,,,,,,,,,,,Ingrid,Alex,,,,Ilia,,,Uranus,,,,,,,,,,,,Audacious,Audacious,Audacious,Dreadnought-class,Dreadnought-class,Dreadnought-class,Conquest,Conquest,Conquest,Conquest,,,,,,,,,,,,,,,
,,,,,,,,,,,,,,,,,,,,,,Jolene,Sam,,,,Khouri,,,Neptune,,,,,,,,,,,,Thunder,Thunder,Thunder,Endurance,Endurance,Endurance,Covenant,Covenant,Covenant,Covenant,,,,,,,,,,,,,,,
,,,,,,,,,,,,,,,,,,,,,,Gertrude,Miller,,,,Masada,,,Ceres,,,,,,,,,,,,Titan,Titan,Titan,Enforcer,Enforcer,Enforcer,Dominator,Dominator,Dominator,Dominator,,,,,,,,,,,,,,,
,,,,,,,,,,,,,,,,,,,,,,Tanya,Holden,,,,Nagy,,,Tycho,,,,,,,,,,,,Goliath,Goliath,Goliath,Havoc,Havoc,Havoc,Epoch,Epoch,Epoch,Epoch,,,,,,,,,,,,,,,
,,,,,,,,,,,,,,,,,,,,,,Isla,Amos,,,,Pascale,,,Eros,,,,,,,,,,,,Cratos,Cratos,Cratos,Herculean,Herculean,Herculean,Excalibur,Excalibur,Excalibur,Excalibur,,,,,,,,,,,,,,,
,,,,,,,,,,,,,,,,,,,,,,Darcy,Bob,,,,Reynolds,,,Ganymede,,,,,,,,,,,,Odyssey,Odyssey,Odyssey,Indomitable,Indomitable,Indomitable,Explorer,Explorer,Explorer,Explorer,,,,,,,,,,,,,,,
,,,,,,,,,,,,,,,,,,,,,,Genevieve,Prax,,,,Singh,,,Io,,,,,,,,,,,,Colossus,Colossus,Colossus,Invader,Invader,Invader,Fury,Fury,Fury,Fury,,,,,,,,,,,,,,,
,,,,,,,,,,,,,,,,,,,,,,Kendra,Ashford,,,,Ulrich,,,Europa,,,,,,,,,,,,Retribution,Retribution,Retribution,Ironclad,Ironclad,Ironclad,Harbinger,Harbinger,Harbinger,Harbinger,,,,,,,,,,,,,,,
,,,,,,,,,,,,,,,,,,,,,,Sierra,Fred,,,,Gideon,,,Callisto,,,,,,,,,,,,Imperator,Imperator,Imperator,Justice,Justice,Justice,Heracles,Heracles,Heracles,Heracles,,,,,,,,,,,,,,,
,,,,,,,,,,,,,,,,,,,,,,Jules,Bull,,,,Gorman,,,Pallas,,,,,,,,,,,,Vindicator,Vindicator,Vindicator,Kodiak,Kodiak,Kodiak,Hyperion,Hyperion,Hyperion,Hyperion,,,,,,,,,,,,,,,
,,,,,,,,,,,,,,,,,,,,,,Sydney,Drummer,,,,Harris,,,Vesta,,,,,,,,,,,,Broadside,Broadside,Broadside,Lionheart,Lionheart,Lionheart,Immortal,Immortal,Immortal,Immortal,,,,,,,,,,,,,,,
,,,,,,,,,,,,,,,,,,,,,,Bianca,Marco,,,,Itani,,,Roscinante,,,,,,,,,,,,Excalibur,Excalibur,Excalibur,Medusa,Medusa,Medusa,Imperator,Imperator,Imperator,Imperator,,,,,,,,,,,,,,,
,,,,,,,,,,,,,,,,,,,,,,Marcella,Klaes,,,,Janus,,,Aquila,,,,,,,,,,,,Leviathan,Leviathan,Leviathan,Monarch,Monarch,Monarch,Invincible,Invincible,Invincible,Invincible,,,,,,,,,,,,,,,
,,,,,,,,,,,,,,,,,,,,,,Lilith,Winston,,,,Kelly,,,Annuminas,,,,,,,,,,,,Dreadnought,Dreadnought,Dreadnought,Nova,Nova,Nova,Juggernaut,Juggernaut,Juggernaut,Juggernaut,,,,,,,,,,,,,,,
,,,,,,,,,,,,,,,,,,,,,,Taliyah,Julian,,,,Lopez,,,Auriga,,,,,,,,,,,,Behemoth,Behemoth,Behemoth,Omega,Omega,Omega,Liberator,Liberator,Liberator,Liberator,,,,,,,,,,,,,,,
,,,,,,,,,,,,,,,,,,,,,,Roxanne,Carlos,,,,Mackenzie,,,Boreal,,,,,,,,,,,,Illustrious,Illustrious,Illustrious,Onslaught,Onslaught,Onslaught,Majesty,Majesty,Majesty,Majesty,,,,,,,,,,,,,,,
,,,,,,,,,,,,,,,,,,,,,,Estelle,Paolo,,,,Nguyen,,,Caprica,,,,,,,,,,,,Vanguard,Vanguard,Vanguard,Protector,Protector,Protector,Odyssey,Odyssey,Odyssey,Odyssey,,,,,,,,,,,,,,,
,,,,,,,,,,,,,,,,,,,,,,Miranda,Ren,,,,Oshima,,,Castor,,,,,,,,,,,,Titan,Titan,Titan,Ravager,Ravager,Ravager,Punisher,Punisher,Punisher,Punisher,,,,,,,,,,,,,,,
,,,,,,,,,,,,,,,,,,,,,,Camille,Hector,,,,Patel,,,Centauri,,,,,,,,,,,,Behemoth,Behemoth,Behemoth,Relentless,Relentless,Relentless,Regent,Regent,Regent,Regent,,,,,,,,,,,,,,,
,,,,,,,,,,,,,,,,,,,,,,Kiara,Asher,,,,Quechua,,,Copernicus,,,,,,,,,,,,Conquest,Conquest,Conquest,Sentinel,Sentinel,Sentinel,Retribution,Retribution,Retribution,Retribution,,,,,,,,,,,,,,,
,,,,,,,,,,,,,,,,,,,,,,Arin,Leo,,,,Rodriguez,,,Corvus,,,,,,,,,,,,Covenant,Covenant,Covenant,Starhawk,Starhawk,Starhawk,Sovereign,Sovereign,Sovereign,Sovereign,,,,,,,,,,,,,,,
,,,,,,,,,,,,,,,,,,,,,,Halley,Hunter,,,,Sato,,,Cygnus,,,,,,,,,,,,Dominator,Dominator,Dominator,Stratosphere,Stratosphere,Stratosphere,Stormbringer,Stormbringer,Stormbringer,Stormbringer,,,,,,,,,,,,,,,
,,,,,,,,,,,,,,,,,,,,,,Yara,Jamie,,,,Thompson,,,Deneb,,,,,,,,,,,,Epoch,Epoch,Epoch,Tempest,Tempest,Tempest,Supremacy,Supremacy,Supremacy,Supremacy,,,,,,,,,,,,,,,
,,,,,,,,,,,,,,,,,,,,,,Vesper,Kyle,,,,Uvarov,,,Draco,,,,,,,,,,,,Excalibur,Excalibur,Excalibur,Thunderbird,Thunderbird,Thunderbird,Unity,Unity,Unity,Unity,,,,,,,,,,,,,,,
,,,,,,,,,,,,,,,,,,,,,,Lenore,Roderick,,,,Vasquez,,,Eridanus,,,,,,,,,,,,Explorer,Explorer,Explorer,Thunderer,Thunderer,Thunderer,Vindicator,Vindicator,Vindicator,Vindicator,,,,,,,,,,,,,,,
,,,,,,,,,,,,,,,,,,,,,,Kiera,Marcus,,,,Williams,,,Gemini,,,,,,,,,,,,Fury,Fury,Fury,Titan-class,Titan-class,Titan-class,Warlord,Warlord,Warlord,Warlord,,,,,,,,,,,,,,,
,,,,,,,,,,,,,,,,,,,,,,Astrid,Isaiah,,,,Xu,,,Hydra,,,,,,,,,,,,Harbinger,Harbinger,Harbinger,Triumphant,Triumphant,Triumphant,Watcher,Watcher,Watcher,Watcher,,,,,,,,,,,,,,,
,,,,,,,,,,,,,,,,,,,,,,Ophelia,Tobias,,,,Yamamoto,,,Hyperion,,,,,,,,,,,,Heracles,Heracles,Heracles,Ultimate,Ultimate,Ultimate,Wraith,Wraith,Wraith,Wraith,,,,,,,,,,,,,,,
,,,,,,,,,,,,,,,,,,,,,,Aria,Noah,,,,Zavala,,,Indus,,,,,,,,,,,,Hyperion,Hyperion,Hyperion,Voyager,Voyager,Voyager,Agamemnon,Agamemnon,Agamemnon,Agamemnon,,,,,,,,,,,,,,,
,,,,,,,,,,,,,,,,,,,,,,Elinor,Gabriel,,,,Arjuna,,,Kepler,,,,,,,,,,,,Immortal,Immortal,Immortal,Warspite,Warspite,Warspite,Annihilator,Annihilator,Annihilator,Annihilator,,,,,,,,,,,,,,,
,,,,,,,,,,,,,,,,,,,,,,Anneliese,Xavier,,,,Benitez,,,Libra,,,,,,,,,,,,Imperator,Imperator,Imperator,Widowmaker,Widowmaker,Widowmaker,Archetype,Archetype,Archetype,Archetype,,,,,,,,,,,,,,,
,,,,,,,,,,,,,,,,,,,,,,Nia,Ethan,,,,Chen,,,Lyra,,,,,,,,,,,,Invincible,Invincible,Invincible,Zeus,Zeus,Zeus,Attila,Attila,Attila,Attila,,,,,,,,,,,,,,,
,,,,,,,,,,,,,,,,,,,,,,Greta,Elijah,,,,Dubois,,,Menkent,,,,,,,,,,,,Juggernaut,Juggernaut,Juggernaut,Adjudicator,Adjudicator,Adjudicator,Aztec,Aztec,Aztec,Aztec,,,,,,,,,,,,,,,
,,,,,,,,,,,,,,,,,,,,,,Eudora,Lucas,,,,Eriksen,,,Mir,,,,,,,,,,,,Liberator,Liberator,Liberator,Amalgam,Amalgam,Amalgam,Bellerophon,Bellerophon,Bellerophon,Bellerophon,,,,,,,,,,,,,,,
,,,,,,,,,,,,,,,,,,,,,,Isadora,Isaac,,,,Feng,,,Naiad,,,,,,,,,,,,Majesty,Majesty,Majesty,Ardent,Ardent,Ardent,Castellan,Castellan,Castellan,Castellan,,,,,,,,,,,,,,,
,,,,,,,,,,,,,,,,,,,,,,Katarina,Owen,,,,Gallagher,,,Nova,,,,,,,,,,,,Odyssey,Odyssey,Odyssey,Asgard,Asgard,Asgard,Citadel,Citadel,Citadel,Citadel,,,,,,,,,,,,,,,
,,,,,,,,,,,,,,,,,,,,,,Mariam,Caleb,,,,Havelock,,,Oberon,,,,,,,,,,,,Punisher,Punisher,Punisher,Avant-garde,Avant-garde,Avant-garde,Concord,Concord,Concord,Concord,,,,,,,,,,,,,,,
,,,,,,,,,,,,,,,,,,,,,,Vera,Adam,,,,Iturbi,,,Ophiuchus,,,,,,,,,,,,Regent,Regent,Regent,Barbarian,Barbarian,Barbarian,Conqueror,Conqueror,Conqueror,Conqueror,,,,,,,,,,,,,,,
,,,,,,,,,,,,,,,,,,,,,,Jocelyn,Daniel,,,,Janowski,,,Orion,,,,,,,,,,,,Retribution,Retribution,Retribution,Bludgeon,Bludgeon,Bludgeon,Crusher,Crusher,Crusher,Crusher,,,,,,,,,,,,,,,
,,,,,,,,,,,,,,,,,,,,,,Rowan,Matthew,,,,Kim,,,Osiris,,,,,,,,,,,,Sovereign,Sovereign,Sovereign,Brawler,Brawler,Brawler,Cygnus,Cygnus,Cygnus,Cygnus,,,,,,,,,,,,,,,
,,,,,,,,,,,,,,,,,,,,,,Elise,Nathan,,,,Lopatkin,,,Pandora,,,,,,,,,,,,Stormbringer,Stormbringer,Stormbringer,Bulldozer,Bulldozer,Bulldozer,Deathbringer,Deathbringer,Deathbringer,Deathbringer,,,,,,,,,,,,,,,
,,,,,,,,,,,,,,,,,,,,,,Thalia,Samuel,,,,Malenfant,,,Phoenix,,,,,,,,,,,,Supremacy,Supremacy,Supremacy,Cannonade,Cannonade,Cannonade,Defender,Defender,Defender,Defender,,,,,,,,,,,,,,,
,,,,,,,,,,,,,,,,,,,,,,Zara,Benjamin,,,,Nguyen,,,Polaris,,,,,,,,,,,,Unity,Unity,Unity,Champion,Champion,Champion,Desperado,Desperado,Desperado,Desperado,,,,,,,,,,,,,,,
,,,,,,,,,,,,,,,,,,,,,,Isabelle,William,,,,Oksana,,,Proxima,,,,,,,,,,,,Vindicator,Vindicator,Vindicator,Chimera,Chimera,Chimera,,,,,,,,,,,,,,,,,,,
,,,,,,,,,,,,,,,,,,,,,,Anais,Alexander,,,,Patel,,,Regulus,,,,,,,,,,,,Warlord,Warlord,Warlord,Comet,Comet,Comet,,,,,,,,,,,,,,,,,,,
,,,,,,,,,,,,,,,,,,,,,,Aurora,Nicholas,,,,Rabinowitz,,,Rhea,,,,,,,,,,,,Watcher,Watcher,Watcher,Corsair,Corsair,Corsair,,,,,,,,,,,,,,,,,,,
,,,,,,,,,,,,,,,,,,,,,,Bellamy,James,,,,Singh,,,Sagittarius,,,,,,,,,,,,Wraith,Wraith,Wraith,Cyclone,Cyclone,Cyclone,,,,,,,,,,,,,,,,,,,
,,,,,,,,,,,,,,,,,,,,,,Dahlia,Michael,,,,Tsao,,,Scorpius,,,,,,,,,,,,Agamemnon,Agamemnon,Agamemnon,Decimator,Decimator,Decimator,,,,,,,,,,,,,,,,,,,
,,,,,,,,,,,,,,,,,,,,,,Delphine,David,,,,Ushakov,,,Sirius,,,,,,,,,,,,Annihilator,Annihilator,Annihilator,Deluge,Deluge,Deluge,,,,,,,,,,,,,,,,,,,
,,,,,,,,,,,,,,,,,,,,,,Emmeline,Jacob,,,,Van Houten,,,Tauri,,,,,,,,,,,,Archetype,Archetype,Archetype,Demon,Demon,Demon,,,,,,,,,,,,,,,,,,,
,,,,,,,,,,,,,,,,,,,,,,Freya,Anthony,,,,Wallace,,,Theta,,,,,,,,,,,,Attila,Attila,Attila,Devastator,Devastator,Devastator,,,,,,,,,,,,,,,,,,,
,,,,,,,,,,,,,,,,,,,,,,Giselle,Christopher,,,,Xavier,,,Titania,,,,,,,,,,,,Aztec,Aztec,Aztec,Sentinel,Sentinel,Sentinel,,,,,,,,,,,,,,,,,,,
,,,,,,,,,,,,,,,,,,,,,,Ivy,Joseph,,,,Yan,,,Triton,,,,,,,,,,,,Bellerophon,Bellerophon,Bellerophon,Invincible,Invincible,Invincible,,,,,,,,,,,,,,,,,,,
,,,,,,,,,,,,,,,,,,,,,,Kinsley,Jonathan,,,,Zarek,,,Upsilon,,,,,,,,,,,,Castellan,Castellan,Castellan,Zephyr,Zephyr,Zephyr,,,,,,,,,,,,,,,,,,,
,,,,,,,,,,,,,,,,,,,,,,Lysandra,Andrew,,,,Adams,,,Vega,,,,,,,,,,,,Citadel,Citadel,Citadel,Aggressor,Aggressor,Aggressor,,,,,,,,,,,,,,,,,,,
,,,,,,,,,,,,,,,,,,,,,,Mariella,Brandon,,,,Bishop,,,Venus,,,,,,,,,,,,Concord,Concord,Concord,Albatross,Albatross,Albatross,,,,,,,,,,,,,,,,,,,
,,,,,,,,,,,,,,,,,,,,,,Neveah,Eric,,,,Campbell,,,Veritas,,,,,,,,,,,,Conqueror,Conqueror,Conqueror,Aurora,Aurora,Aurora,,,,,,,,,,,,,,,,,,,
,,,,,,,,,,,,,,,,,,,,,,Odette,Kevin,,,,Donovan,,,Victoria,,,,,,,,,,,,Crusher,Crusher,Crusher,Behemoth,Behemoth,Behemoth,,,,,,,,,,,,,,,,,,,
,,,,,,,,,,,,,,,,,,,,,,Persephone,Ryan,,,,Edwards,,,Voltaire,,,,,,,,,,,,Cygnus,Cygnus,Cygnus,Borealis,Borealis,Borealis,,,,,,,,,,,,,,,,,,,
,,,,,,,,,,,,,,,,,,,,,,Quinn,Tyler,,,,Freeman,,,Wolf,,,,,,,,,,,,Deathbringer,Deathbringer,Deathbringer,Centurion,Centurion,Centurion,,,,,,,,,,,,,,,,,,,
,,,,,,,,,,,,,,,,,,,,,,Raine,Dylan,,,,Gibson,,,Xenon,,,,,,,,,,,,Defender,Defender,Defender,Cyclone,Cyclone,Cyclone,,,,,,,,,,,,,,,,,,,
,,,,,,,,,,,,,,,,,,,,,,Sage,Brandon,,,,Hughes,,,Yggdrasil,,,,,,,,,,,,Desperado,Desperado,Desperado,Delta,Delta,Delta,,,,,,,,,,,,,,,,,,,
,,,,,,,,,,,,,,,,,,,,,,Teagan,Austin,,,,Jacobs,,,Zephyr,,,,,,,,,,,,Warrior,Warrior,Warrior,Dragon,Dragon,Dragon,,,,,,,,,,,,,,,,,,,
,,,,,,,,,,,,,,,,,,,,,,Uma,Brian,,,,Kennedy,,,Zeta,,,,,,,,,,,,Dunkerque,Dunkerque,Dunkerque,Eclipse,Eclipse,Eclipse,,,,,,,,,,,,,,,,,,,
,,,,,,,,,,,,,,,,,,,,,,Valencia,Ethan,,,,Lee,,,Aries,,,,,,,,,,,,Challenger,Challenger,Challenger,Empire,Empire,Empire,,,,,,,,,,,,,,,,,,,
,,,,,,,,,,,,,,,,,,,,,,Willa,Cameron,,,,Mason,,,Andromeda,,,,,,,,,,,,Astral,Astral,Astral,Enigma,Enigma,Enigma,,,,,,,,,,,,,,,,,,,
,,,,,,,,,,,,,,,,,,,,,,Xanthe,Justin,,,,Nelson,,,Altair,,,,,,,,,,,,Blackout,Blackout,Blackout,Exodus,Exodus,Exodus,,,,,,,,,,,,,,,,,,,
,,,,,,,,,,,,,,,,,,,,,,Ysabel,Blake,,,,O'Connor,,,Aquarius,,,,,,,,,,,,Defiant,Defiant,Defiant,Falcon,Falcon,Falcon,,,,,,,,,,,,,,,,,,,
,,,,,,,,,,,,,,,,,,,,,,Zaida,Connor,,,,Parker,,,Antares,,,,,,,,,,,,Demon,Demon,Demon,Guardian,Guardian,Guardian,,,,,,,,,,,,,,,,,,,
,,,,,,,,,,,,,,,,,,,,,,Amara,Dylan,,,,Quinn,,,Bellatrix,,,,,,,,,,,,Panther,Panther,Panther,Harrier,Harrier,Harrier,,,,,,,,,,,,,,,,,,,
,,,,,,,,,,,,,,,,,,,,,,Briar,Noah,,,,Reynolds,,,Betelgeuse,,,,,,,,,,,,Stargazer,Stargazer,Stargazer,Hecate,Hecate,Hecate,,,,,,,,,,,,,,,,,,,
,,,,,,,,,,,,,,,,,,,,,,Calliope,Parker,,,,Sanchez,,,Canopus,,,,,,,,,,,,Torchbearer,Torchbearer,Torchbearer,Helios,Helios,Helios,,,,,,,,,,,,,,,,,,,
,,,,,,,,,,,,,,,,,,,,,,Daphne,Sean,,,,Thomas,,,Carina,,,,,,,,,,,,Bloodthirster,Bloodthirster,Bloodthirster,Imperial,Imperial,Imperial,,,,,,,,,,,,,,,,,,,
,,,,,,,,,,,,,,,,,,,,,,Eden,Steven,,,,Underwood,,,Cassiopeia,,,,,,,,,,,,Brigand,Brigand,Brigand,Inquisitor,Inquisitor,Inquisitor,,,,,,,,,,,,,,,,,,,
,,,,,,,,,,,,,,,,,,,,,,Fiona,Timothy,,,,Vega,,,Centaurus,,,,,,,,,,,,Butcher,Butcher,Butcher,Lightbringer,Lightbringer,Lightbringer,,,,,,,,,,,,,,,,,,,
,,,,,,,,,,,,,,,,,,,,,,Gwendolyn,Wyatt,,,,White,,,Delta,,,,,,,,,,,,LAC,LAC,LAC,Lucifer,Lucifer,Lucifer,,,,,,,,,,,,,,,,,,,
,,,,,,,,,,,,,,,,,,,,,,Hattie,Zachary,,,,Xu,,,Epsilon,,,,,,,,,,,,Ardent,Ardent,Ardent,Meteor,Meteor,Meteor,,,,,,,,,,,,,,,,,,,
,,,,,,,,,,,,,,,,,,,,,,Indira,Max,,,,Yang,,,Fomalhaut,,,,,,,,,,,,SLS,SLS,SLS,Nemesis,Nemesis,Nemesis,,,,,,,,,,,,,,,,,,,
,,,,,,,,,,,,,,,,,,,,,,Jessamine,Oliver,,,,Zhang,,,Gamma,,,,,,,,,,,,Pinnace,Pinnace,Pinnace,Nightingale,Nightingale,Nightingale,,,,,,,,,,,,,,,,,,,
,,,,,,,,,,,,,,,,,,,,,,Kaida,Jackson,,,,Anderson,,,Hydrae,,,,,,,,,,,,Arrow,Arrow,Arrow,Phoenix,Phoenix,Phoenix,,,,,,,,,,,,,,,,,,,
,,,,,,,,,,,,,,,,,,,,,,,,,,,,,,,,,,,,,,,,,,Enigma,Enigma,Enigma,Raptor,Raptor,Raptor,,,,,,,,,,,,,,,,,,,
,,,,,,,,,,,,,,,,,,,,,,,,,,,,,,,,,,,,,,,,,,Chimera,Chimera,Chimera,Redemption,Redemption,Redemption,,,,,,,,,,,,,,,,,,,
,,,,,,,,,,,,,,,,,,,,,,,,,,,,,,,,,,,,,,,,,,Nemesis,Nemesis,Nemesis,Renegade,Renegade,Renegade,,,,,,,,,,,,,,,,,,,
,,,,,,,,,,,,,,,,,,,,,,,,,,,,,,,,,,,,,,,,,,Icarus,Icarus,Icarus,Revolution,Revolution,Revolution,,,,,,,,,,,,,,,,,,,
,,,,,,,,,,,,,,,,,,,,,,,,,,,,,,,,,,,,,,,,,,Salamander,Salamander,Salamander,Rogue,Rogue,Rogue,,,,,,,,,,,,,,,,,,,
,,,,,,,,,,,,,,,,,,,,,,,,,,,,,,,,,,,,,,,,,,Barbarian,Barbarian,Barbarian,Sabre,Sabre,Sabre,,,,,,,,,,,,,,,,,,,
,,,,,,,,,,,,,,,,,,,,,,,,,,,,,,,,,,,,,,,,,,Hydra,Hydra,Hydra,Seraphim,Seraphim,Seraphim,,,,,,,,,,,,,,,,,,,
,,,,,,,,,,,,,,,,,,,,,,,,,,,,,,,,,,,,,,,,,,Raven,Raven,Raven,Shadow,Shadow,Shadow,,,,,,,,,,,,,,,,,,,
,,,,,,,,,,,,,,,,,,,,,,,,,,,,,,,,,,,,,,,,,,Sentinel,Sentinel,Sentinel,Starfire,Starfire,Starfire,,,,,,,,,,,,,,,,,,,
,,,,,,,,,,,,,,,,,,,,,,,,,,,,,,,,,,,,,,,,,,Vindicator,Vindicator,Vindicator,Stellar,Stellar,Stellar,,,,,,,,,,,,,,,,,,,
,,,,,,,,,,,,,,,,,,,,,,,,,,,,,,,,,,,,,,,,,,Spica,Spica,Spica,Sunburst,Sunburst,Sunburst,,,,,,,,,,,,,,,,,,,
,,,,,,,,,,,,,,,,,,,,,,,,,,,,,,,,,,,,,,,,,,Predator,Predator,Predator,Terminus,Terminus,Terminus,,,,,,,,,,,,,,,,,,,
,,,,,,,,,,,,,,,,,,,,,,,,,,,,,,,,,,,,,,,,,,Vengeance,Vengeance,Vengeance,Thunderbolt,Thunderbolt,Thunderbolt,,,,,,,,,,,,,,,,,,,
,,,,,,,,,,,,,,,,,,,,,,,,,,,,,,,,,,,,,,,,,,Warlock,Warlock,Warlock,Tidalwave,Tidalwave,Tidalwave,,,,,,,,,,,,,,,,,,,
,,,,,,,,,,,,,,,,,,,,,,,,,,,,,,,,,,,,,,,,,,Aviary,Aviary,Aviary,Trident,Trident,Trident,,,,,,,,,,,,,,,,,,,
,,,,,,,,,,,,,,,,,,,,,,,,,,,,,,,,,,,,,,,,,,Apollo,Apollo,Apollo,Typhoon,Typhoon,Typhoon,,,,,,,,,,,,,,,,,,,
,,,,,,,,,,,,,,,,,,,,,,,,,,,,,,,,,,,,,,,,,,Havoc,Havoc,Havoc,Ursa,Ursa,Ursa,,,,,,,,,,,,,,,,,,,
,,,,,,,,,,,,,,,,,,,,,,,,,,,,,,,,,,,,,,,,,,Gauntlet,Gauntlet,Gauntlet,Vortex,Vortex,Vortex,,,,,,,,,,,,,,,,,,,
,,,,,,,,,,,,,,,,,,,,,,,,,,,,,,,,,,,,,,,,,,Kinetic,Kinetic,Kinetic,Warpath,Warpath,Warpath,,,,,,,,,,,,,,,,,,,
,,,,,,,,,,,,,,,,,,,,,,,,,,,,,,,,,,,,,,,,,,Invincible,Invincible,Invincible,Whirlwind,Whirlwind,Whirlwind,,,,,,,,,,,,,,,,,,,
,,,,,,,,,,,,,,,,,,,,,,,,,,,,,,,,,,,,,,,,,,Invictus,Invictus,Invictus,Zenith,Zenith,Zenith,,,,,,,,,,,,,,,,,,,
,,,,,,,,,,,,,,,,,,,,,,,,,,,,,,,,,,,,,,,,,,Salamis,Salamis,Salamis,Acheron,Acheron,Acheron,,,,,,,,,,,,,,,,,,,
,,,,,,,,,,,,,,,,,,,,,,,,,,,,,,,,,,,,,,,,,,Shield,Shield,Shield,Alacrity,Alacrity,Alacrity,,,,,,,,,,,,,,,,,,,
,,,,,,,,,,,,,,,,,,,,,,,,,,,,,,,,,,,,,,,,,,Warthog,Warthog,Warthog,Arbiter,Arbiter,Arbiter,,,,,,,,,,,,,,,,,,,
,,,,,,,,,,,,,,,,,,,,,,,,,,,,,,,,,,,,,,,,,,Gremlin,Gremlin,Gremlin,Ark,Ark,Ark,,,,,,,,,,,,,,,,,,,
,,,,,,,,,,,,,,,,,,,,,,,,,,,,,,,,,,,,,,,,,,Cobra,Cobra,Cobra,Atlas,Atlas,Atlas,,,,,,,,,,,,,,,,,,,
,,,,,,,,,,,,,,,,,,,,,,,,,,,,,,,,,,,,,,,,,,Firefly,Firefly,Firefly,Aviator,Aviator,Aviator,,,,,,,,,,,,,,,,,,,
,,,,,,,,,,,,,,,,,,,,,,,,,,,,,,,,,,,,,,,,,,Storm,Storm,Storm,Blitz,Blitz,Blitz,,,,,,,,,,,,,,,,,,,
,,,,,,,,,,,,,,,,,,,,,,,,,,,,,,,,,,,,,,,,,,Hammerhead,Hammerhead,Hammerhead,Boadicea,Boadicea,Boadicea,,,,,,,,,,,,,,,,,,,
,,,,,,,,,,,,,,,,,,,,,,,,,,,,,,,,,,,,,,,,,,Stalker,Stalker,Stalker,Broadsword,Broadsword,Broadsword,,,,,,,,,,,,,,,,,,,
,,,,,,,,,,,,,,,,,,,,,,,,,,,,,,,,,,,,,,,,,,Archon,Archon,Archon,Calamity,Calamity,Calamity,,,,,,,,,,,,,,,,,,,
,,,,,,,,,,,,,,,,,,,,,,,,,,,,,,,,,,,,,,,,,,Daring,Daring,Daring,Centaur,Centaur,Centaur,,,,,,,,,,,,,,,,,,,
,,,,,,,,,,,,,,,,,,,,,,,,,,,,,,,,,,,,,,,,,,Vigilance,Vigilance,Vigilance,Chariot,Chariot,Chariot,,,,,,,,,,,,,,,,,,,
,,,,,,,,,,,,,,,,,,,,,,,,,,,,,,,,,,,,,,,,,,Harpy,Harpy,Harpy,Colossus,Colossus,Colossus,,,,,,,,,,,,,,,,,,,
,,,,,,,,,,,,,,,,,,,,,,,,,,,,,,,,,,,,,,,,,,Titan,Titan,Titan,Condor,Condor,Condor,,,,,,,,,,,,,,,,,,,
,,,,,,,,,,,,,,,,,,,,,,,,,,,,,,,,,,,,,,,,,,Wolfhound,Wolfhound,Wolfhound,Constellation,Constellation,Constellation,,,,,,,,,,,,,,,,,,,
,,,,,,,,,,,,,,,,,,,,,,,,,,,,,,,,,,,,,,,,,,Marauder,Marauder,Marauder,Cyclops,Cyclops,Cyclops,,,,,,,,,,,,,,,,,,,
,,,,,,,,,,,,,,,,,,,,,,,,,,,,,,,,,,,,,,,,,,Siren,Siren,Siren,Dagger,Dagger,Dagger,,,,,,,,,,,,,,,,,,,
,,,,,,,,,,,,,,,,,,,,,,,,,,,,,,,,,,,,,,,,,,Hammer,Hammer,Hammer,Darkstar,Darkstar,Darkstar,,,,,,,,,,,,,,,,,,,
,,,,,,,,,,,,,,,,,,,,,,,,,,,,,,,,,,,,,,,,,,Torpedo-boat,Torpedo-boat,Torpedo-boat,Deathstroke,Deathstroke,Deathstroke,,,,,,,,,,,,,,,,,,,
,,,,,,,,,,,,,,,,,,,,,,,,,,,,,,,,,,,,,,,,,,Redoubtable,Redoubtable,Redoubtable,Defiance,Defiance,Defiance,,,,,,,,,,,,,,,,,,,
,,,,,,,,,,,,,,,,,,,,,,,,,,,,,,,,,,,,,,,,,,Exeter,Exeter,Exeter,Diadem,Diadem,Diadem,,,,,,,,,,,,,,,,,,,
,,,,,,,,,,,,,,,,,,,,,,,,,,,,,,,,,,,,,,,,,,Javelin,Javelin,Javelin,Diamondback,Diamondback,Diamondback,,,,,,,,,,,,,,,,,,,
,,,,,,,,,,,,,,,,,,,,,,,,,,,,,,,,,,,,,,,,,,Sparrow,Sparrow,Sparrow,Dominator,Dominator,Dominator,,,,,,,,,,,,,,,,,,,
,,,,,,,,,,,,,,,,,,,,,,,,,,,,,,,,,,,,,,,,,,Intrepid,Intrepid,Intrepid,Dragonfly,Dragonfly,Dragonfly,,,,,,,,,,,,,,,,,,,
,,,,,,,,,,,,,,,,,,,,,,,,,,,,,,,,,,,,,,,,,,Halberd,Halberd,Halberd,Dreadnought-class,Dreadnought-class,Dreadnought-class,,,,,,,,,,,,,,,,,,,
,,,,,,,,,,,,,,,,,,,,,,,,,,,,,,,,,,,,,,,,,,Ajax,Ajax,Ajax,Templar,Templar,Templar,,,,,,,,,,,,,,,,,,,
,,,,,,,,,,,,,,,,,,,,,,,,,,,,,,,,,,,,,,,,,,Kodiak,Kodiak,Kodiak,Lion,Lion,Lion,,,,,,,,,,,,,,,,,,,
,,,,,,,,,,,,,,,,,,,,,,,,,,,,,,,,,,,,,,,,,,Republic,Republic,Republic,Fearless,Fearless,Fearless,,,,,,,,,,,,,,,,,,,
,,,,,,,,,,,,,,,,,,,,,,,,,,,,,,,,,,,,,,,,,,Talon,Talon,Talon,Temeraire,Temeraire,Temeraire,,,,,,,,,,,,,,,,,,,
,,,,,,,,,,,,,,,,,,,,,,,,,,,,,,,,,,,,,,,,,,Wolfpack,Wolfpack,Wolfpack,Strike,Strike,Strike,,,,,,,,,,,,,,,,,,,
,,,,,,,,,,,,,,,,,,,,,,,,,,,,,,,,,,,,,,,,,,Hunter,Hunter,Hunter,Spector,Spector,Spector,,,,,,,,,,,,,,,,,,,
,,,,,,,,,,,,,,,,,,,,,,,,,,,,,,,,,,,,,,,,,,Jaguar,Jaguar,Jaguar,Avenger,Avenger,Avenger,,,,,,,,,,,,,,,,,,,
,,,,,,,,,,,,,,,,,,,,,,,,,,,,,,,,,,,,,,,,,,Katana,Katana,Katana,Corsair,Corsair,Corsair,,,,,,,,,,,,,,,,,,,
,,,,,,,,,,,,,,,,,,,,,,,,,,,,,,,,,,,,,,,,,,Valkyrie,Valkyrie,Valkyrie,Chaser,Chaser,Chaser,,,,,,,,,,,,,,,,,,,
,,,,,,,,,,,,,,,,,,,,,,,,,,,,,,,,,,,,,,,,,,Widowmaker,Widowmaker,Widowmaker,Warrior,Warrior,Warrior,,,,,,,,,,,,,,,,,,,
,,,,,,,,,,,,,,,,,,,,,,,,,,,,,,,,,,,,,,,,,,Hawkeye,Hawkeye,Hawkeye,Relentless,Relentless,Relentless,,,,,,,,,,,,,,,,,,,
,,,,,,,,,,,,,,,,,,,,,,,,,,,,,,,,,,,,,,,,,,Lancer,Lancer,Lancer,Endeavour,Endeavour,Endeavour,,,,,,,,,,,,,,,,,,,
,,,,,,,,,,,,,,,,,,,,,,,,,,,,,,,,,,,,,,,,,,Osprey,Osprey,Osprey,Broadsword,Broadsword,Broadsword,,,,,,,,,,,,,,,,,,,
,,,,,,,,,,,,,,,,,,,,,,,,,,,,,,,,,,,,,,,,,,Renegade,Renegade,Renegade,Hydra,Hydra,Hydra,,,,,,,,,,,,,,,,,,,
,,,,,,,,,,,,,,,,,,,,,,,,,,,,,,,,,,,,,,,,,,Scorpion,Scorpion,Scorpion,Sword,Sword,Sword,,,,,,,,,,,,,,,,,,,
,,,,,,,,,,,,,,,,,,,,,,,,,,,,,,,,,,,,,,,,,,Thunderbolt,Thunderbolt,Thunderbolt,Lancer,Lancer,Lancer,,,,,,,,,,,,,,,,,,,
,,,,,,,,,,,,,,,,,,,,,,,,,,,,,,,,,,,,,,,,,,Warhawk,Warhawk,Warhawk,Paladin,Paladin,Paladin,,,,,,,,,,,,,,,,,,,
,,,,,,,,,,,,,,,,,,,,,,,,,,,,,,,,,,,,,,,,,,Wolf,Wolf,Wolf,Athena,Athena,Athena,,,,,,,,,,,,,,,,,,,
,,,,,,,,,,,,,,,,,,,,,,,,,,,,,,,,,,,,,,,,,,Broadsword,Broadsword,Broadsword,Bastion,Bastion,Bastion,,,,,,,,,,,,,,,,,,,
,,,,,,,,,,,,,,,,,,,,,,,,,,,,,,,,,,,,,,,,,,Hades,Hades,Hades,Vanguard,Vanguard,Vanguard,,,,,,,,,,,,,,,,,,,
,,,,,,,,,,,,,,,,,,,,,,,,,,,,,,,,,,,,,,,,,,Helix,Helix,Helix,Eclipse,Eclipse,Eclipse,,,,,,,,,,,,,,,,,,,
,,,,,,,,,,,,,,,,,,,,,,,,,,,,,,,,,,,,,,,,,,Hurricane,Hurricane,Hurricane,Gladiator,Gladiator,Gladiator,,,,,,,,,,,,,,,,,,,
,,,,,,,,,,,,,,,,,,,,,,,,,,,,,,,,,,,,,,,,,,Knight,Knight,Knight,Arrowhead,Arrowhead,Arrowhead,,,,,,,,,,,,,,,,,,,
,,,,,,,,,,,,,,,,,,,,,,,,,,,,,,,,,,,,,,,,,,Leopard,Leopard,Leopard,Polaris,Polaris,Polaris,,,,,,,,,,,,,,,,,,,
,,,,,,,,,,,,,,,,,,,,,,,,,,,,,,,,,,,,,,,,,,Lightning,Lightning,Lightning,Agamemnon,Agamemnon,Agamemnon,,,,,,,,,,,,,,,,,,,
,,,,,,,,,,,,,,,,,,,,,,,,,,,,,,,,,,,,,,,,,,Maelstrom,Maelstrom,Maelstrom,Carrack,Carrack,Carrack,,,,,,,,,,,,,,,,,,,
,,,,,,,,,,,,,,,,,,,,,,,,,,,,,,,,,,,,,,,,,,Maverick,Maverick,Maverick,Galahad,Galahad,Galahad,,,,,,,,,,,,,,,,,,,
,,,,,,,,,,,,,,,,,,,,,,,,,,,,,,,,,,,,,,,,,,Mercury,Mercury,Mercury,Ironclad,Ironclad,Ironclad,,,,,,,,,,,,,,,,,,,
,,,,,,,,,,,,,,,,,,,,,,,,,,,,,,,,,,,,,,,,,,Nightshade,Nightshade,Nightshade,Regent,Regent,Regent,,,,,,,,,,,,,,,,,,,
,,,,,,,,,,,,,,,,,,,,,,,,,,,,,,,,,,,,,,,,,,Orion,Orion,Orion,Titan,Titan,Titan,,,,,,,,,,,,,,,,,,,
,,,,,,,,,,,,,,,,,,,,,,,,,,,,,,,,,,,,,,,,,,Phantom,Phantom,Phantom,Dragon,Dragon,Dragon,,,,,,,,,,,,,,,,,,,
,,,,,,,,,,,,,,,,,,,,,,,,,,,,,,,,,,,,,,,,,,Puma,Puma,Puma,Maelstrom,Maelstrom,Maelstrom,,,,,,,,,,,,,,,,,,,
,,,,,,,,,,,,,,,,,,,,,,,,,,,,,,,,,,,,,,,,,,Quasar,Quasar,Quasar,Tempest,Tempest,Tempest,,,,,,,,,,,,,,,,,,,
,,,,,,,,,,,,,,,,,,,,,,,,,,,,,,,,,,,,,,,,,,Raider,Raider,Raider,Vindicator,Vindicator,Vindicator,,,,,,,,,,,,,,,,,,,
,,,,,,,,,,,,,,,,,,,,,,,,,,,,,,,,,,,,,,,,,,Regent,Regent,Regent,Harbinger,Harbinger,Harbinger,,,,,,,,,,,,,,,,,,,
,,,,,,,,,,,,,,,,,,,,,,,,,,,,,,,,,,,,,,,,,,Relentless,Relentless,Relentless,Kestrel,Kestrel,Kestrel,,,,,,,,,,,,,,,,,,,
,,,,,,,,,,,,,,,,,,,,,,,,,,,,,,,,,,,,,,,,,,Rifter,Rifter,Rifter,Kraken,Kraken,Kraken,,,,,,,,,,,,,,,,,,,
,,,,,,,,,,,,,,,,,,,,,,,,,,,,,,,,,,,,,,,,,,Rook,Rook,Rook,Nemesis,Nemesis,Nemesis,,,,,,,,,,,,,,,,,,,
,,,,,,,,,,,,,,,,,,,,,,,,,,,,,,,,,,,,,,,,,,Shadow,Shadow,Shadow,Nomad,Nomad,Nomad,,,,,,,,,,,,,,,,,,,
,,,,,,,,,,,,,,,,,,,,,,,,,,,,,,,,,,,,,,,,,,Specter,Specter,Specter,Odyssey,Odyssey,Odyssey,,,,,,,,,,,,,,,,,,,
,,,,,,,,,,,,,,,,,,,,,,,,,,,,,,,,,,,,,,,,,,Sphinx,Sphinx,Sphinx,Onslaught,Onslaught,Onslaught,,,,,,,,,,,,,,,,,,,
,,,,,,,,,,,,,,,,,,,,,,,,,,,,,,,,,,,,,,,,,,Spitfire,Spitfire,Spitfire,Panther,Panther,Panther,,,,,,,,,,,,,,,,,,,
,,,,,,,,,,,,,,,,,,,,,,,,,,,,,,,,,,,,,,,,,,Starfire,Starfire,Starfire,Sentinel,Sentinel,Sentinel,,,,,,,,,,,,,,,,,,,
,,,,,,,,,,,,,,,,,,,,,,,,,,,,,,,,,,,,,,,,,,Striker,Striker,Striker,Shark,Shark,Shark,,,,,,,,,,,,,,,,,,,
,,,,,,,,,,,,,,,,,,,,,,,,,,,,,,,,,,,,,,,,,,Swift,Swift,Swift,Stalker,Stalker,Stalker,,,,,,,,,,,,,,,,,,,
,,,,,,,,,,,,,,,,,,,,,,,,,,,,,,,,,,,,,,,,,,Trident,Trident,Trident,Superlifter,Superlifter,Superlifter,,,,,,,,,,,,,,,,,,,
,,,,,,,,,,,,,,,,,,,,,,,,,,,,,,,,,,,,,,,,,,Typhoon,Typhoon,Typhoon,Thunderbird,Thunderbird,Thunderbird,,,,,,,,,,,,,,,,,,,
,,,,,,,,,,,,,,,,,,,,,,,,,,,,,,,,,,,,,,,,,,Vanguard,Vanguard,Vanguard,Thunderhead,Thunderhead,Thunderhead,,,,,,,,,,,,,,,,,,,
,,,,,,,,,,,,,,,,,,,,,,,,,,,,,,,,,,,,,,,,,,Viper,Viper,Viper,Thunderbolt,Thunderbolt,Thunderbolt,,,,,,,,,,,,,,,,,,,
,,,,,,,,,,,,,,,,,,,,,,,,,,,,,,,,,,,,,,,,,,Warrior,Warrior,Warrior,Vengeance,Vengeance,Vengeance,,,,,,,,,,,,,,,,,,,
,,,,,,,,,,,,,,,,,,,,,,,,,,,,,,,,,,,,,,,,,,Wasp,Wasp,Wasp,Yari,Yari,Yari,,,,,,,,,,,,,,,,,,,
,,,,,,,,,,,,,,,,,,,,,,,,,,,,,,,,,,,,,,,,,,Wolverine,Wolverine,Wolverine,Zephyrus,Zephyrus,Zephyrus,,,,,,,,,,,,,,,,,,,
,,,,,,,,,,,,,,,,,,,,,,,,,,,,,,,,,,,,,,,,,,Wyvern,Wyvern,Wyvern,Atlas,Atlas,Atlas,,,,,,,,,,,,,,,,,,,
,,,,,,,,,,,,,,,,,,,,,,,,,,,,,,,,,,,,,,,,,,Xiphos,Xiphos,Xiphos,Dominion,Dominion,Dominion,,,,,,,,,,,,,,,,,,,
,,,,,,,,,,,,,,,,,,,,,,,,,,,,,,,,,,,,,,,,,,Zeus,Zeus,Zeus,Justice,Justice,Justice,,,,,,,,,,,,,,,,,,,
,,,,,,,,,,,,,,,,,,,,,,,,,,,,,,,,,,,,,,,,,,Zephyr,Zephyr,Zephyr,Lancaster,Lancaster,Lancaster,,,,,,,,,,,,,,,,,,,
,,,,,,,,,,,,,,,,,,,,,,,,,,,,,,,,,,,,,,,,,,Zodiac,Zodiac,Zodiac,Liberator,Liberator,Liberator,,,,,,,,,,,,,,,,,,,
,,,,,,,,,,,,,,,,,,,,,,,,,,,,,,,,,,,,,,,,,,Bloodhound,Bloodhound,Bloodhound,Aegis,Aegis,Aegis,,,,,,,,,,,,,,,,,,,
,,,,,,,,,,,,,,,,,,,,,,,,,,,,,,,,,,,,,,,,,,Colossus,Colossus,Colossus,Basilisk,Basilisk,Basilisk,,,,,,,,,,,,,,,,,,,
,,,,,,,,,,,,,,,,,,,,,,,,,,,,,,,,,,,,,,,,,,Eclipse,Eclipse,Eclipse,Centurion,Centurion,Centurion,,,,,,,,,,,,,,,,,,,
,,,,,,,,,,,,,,,,,,,,,,,,,,,,,,,,,,,,,,,,,,Gorgon,Gorgon,Gorgon,Defiance,Defiance,Defiance,,,,,,,,,,,,,,,,,,,
,,,,,,,,,,,,,,,,,,,,,,,,,,,,,,,,,,,,,,,,,,Harrier,Harrier,Harrier,Devastator,Devastator,Devastator,,,,,,,,,,,,,,,,,,,
,,,,,,,,,,,,,,,,,,,,,,,,,,,,,,,,,,,,,,,,,,Hellfire,Hellfire,Hellfire,Jaguar,Jaguar,Jaguar,,,,,,,,,,,,,,,,,,,
,,,,,,,,,,,,,,,,,,,,,,,,,,,,,,,,,,,,,,,,,,Inferno,Inferno,Inferno,Kodiak,Kodiak,Kodiak,,,,,,,,,,,,,,,,,,,
,,,,,,,,,,,,,,,,,,,,,,,,,,,,,,,,,,,,,,,,,,Intruder,Intruder,Intruder,Marauder,Marauder,Marauder,,,,,,,,,,,,,,,,,,,
,,,,,,,,,,,,,,,,,,,,,,,,,,,,,,,,,,,,,,,,,,Krait,Krait,Krait,Minotaur,Minotaur,Minotaur,,,,,,,,,,,,,,,,,,,
,,,,,,,,,,,,,,,,,,,,,,,,,,,,,,,,,,,,,,,,,,Leviathan,Leviathan,Leviathan,Renegade,Renegade,Renegade,,,,,,,,,,,,,,,,,,,
,,,,,,,,,,,,,,,,,,,,,,,,,,,,,,,,,,,,,,,,,,Mastiff,Mastiff,Mastiff,Saber,Saber,Saber,,,,,,,,,,,,,,,,,,,
,,,,,,,,,,,,,,,,,,,,,,,,,,,,,,,,,,,,,,,,,,Acheron,Acheron,Acheron,Scorpion,Scorpion,Scorpion,,,,,,,,,,,,,,,,,,,
,,,,,,,,,,,,,,,,,,,,,,,,,,,,,,,,,,,,,,,,,,Avenger,Avenger,Avenger,Stalwart,Stalwart,Stalwart,,,,,,,,,,,,,,,,,,,
,,,,,,,,,,,,,,,,,,,,,,,,,,,,,,,,,,,,,,,,,,Banshee,Banshee,Banshee,Starfire,Starfire,Starfire,,,,,,,,,,,,,,,,,,,
,,,,,,,,,,,,,,,,,,,,,,,,,,,,,,,,,,,,,,,,,,Blackhawk,Blackhawk,Blackhawk,Storm,Storm,Storm,,,,,,,,,,,,,,,,,,,
,,,,,,,,,,,,,,,,,,,,,,,,,,,,,,,,,,,,,,,,,,Bulldog,Bulldog,Bulldog,Typhoon,Typhoon,Typhoon,,,,,,,,,,,,,,,,,,,
,,,,,,,,,,,,,,,,,,,,,,,,,,,,,,,,,,,,,,,,,,Cerberus,Cerberus,Cerberus,Warthog,Warthog,Warthog,,,,,,,,,,,,,,,,,,,
,,,,,,,,,,,,,,,,,,,,,,,,,,,,,,,,,,,,,,,,,,Corsair,Corsair,Corsair,Albatross,Albatross,Albatross,,,,,,,,,,,,,,,,,,,
,,,,,,,,,,,,,,,,,,,,,,,,,,,,,,,,,,,,,,,,,,Cyclone,Cyclone,Cyclone,Apollo,Apollo,Apollo,,,,,,,,,,,,,,,,,,,
,,,,,,,,,,,,,,,,,,,,,,,,,,,,,,,,,,,,,,,,,,Daemon,Daemon,Daemon,Behemoth,Behemoth,Behemoth,,,,,,,,,,,,,,,,,,,
,,,,,,,,,,,,,,,,,,,,,,,,,,,,,,,,,,,,,,,,,,Demon,Demon,Demon,Bloodhound,Bloodhound,Bloodhound,,,,,,,,,,,,,,,,,,,
,,,,,,,,,,,,,,,,,,,,,,,,,,,,,,,,,,,,,,,,,,Direwolf,Direwolf,Direwolf,Bulldog,Bulldog,Bulldog,,,,,,,,,,,,,,,,,,,
,,,,,,,,,,,,,,,,,,,,,,,,,,,,,,,,,,,,,,,,,,Dominator,Dominator,Dominator,Centaur,Centaur,Centaur,,,,,,,,,,,,,,,,,,,
,,,,,,,,,,,,,,,,,,,,,,,,,,,,,,,,,,,,,,,,,,Dragonfly,Dragonfly,Dragonfly,Challenger,Challenger,Challenger,,,,,,,,,,,,,,,,,,,
,,,,,,,,,,,,,,,,,,,,,,,,,,,,,,,,,,,,,,,,,,Enforcer,Enforcer,Enforcer,Chariot,Chariot,Chariot,,,,,,,,,,,,,,,,,,,
,,,,,,,,,,,,,,,,,,,,,,,,,,,,,,,,,,,,,,,,,,Excalibur,Excalibur,Excalibur,Colossus,Colossus,Colossus,,,,,,,,,,,,,,,,,,,
,,,,,,,,,,,,,,,,,,,,,,,,,,,,,,,,,,,,,,,,,,Falcon,Falcon,Falcon,Defiant,Defiant,Defiant,,,,,,,,,,,,,,,,,,,
,,,,,,,,,,,,,,,,,,,,,,,,,,,,,,,,,,,,,,,,,,Fury,Fury,Fury,Direwolf,Direwolf,Direwolf,,,,,,,,,,,,,,,,,,,
,,,,,,,,,,,,,,,,,,,,,,,,,,,,,,,,,,,,,,,,,,Gladiator,Gladiator,Gladiator,Elysium,Elysium,Elysium,,,,,,,,,,,,,,,,,,,
,,,,,,,,,,,,,,,,,,,,,,,,,,,,,,,,,,,,,,,,,,Griffin,Griffin,Griffin,Escalade,Escalade,Escalade,,,,,,,,,,,,,,,,,,,
,,,,,,,,,,,,,,,,,,,,,,,,,,,,,,,,,,,,,,,,,,Incubus,Incubus,Incubus,Excalibur,Excalibur,Excalibur,,,,,,,,,,,,,,,,,,,
,,,,,,,,,,,,,,,,,,,,,,,,,,,,,,,,,,,,,,,,,,Infinity,Infinity,Infinity,Fury,Fury,Fury,,,,,,,,,,,,,,,,,,,
,,,,,,,,,,,,,,,,,,,,,,,,,,,,,,,,,,,,,,,,,,Justice,Justice,Justice,Goliath,Goliath,Goliath,,,,,,,,,,,,,,,,,,,
,,,,,,,,,,,,,,,,,,,,,,,,,,,,,,,,,,,,,,,,,,Kraken,Kraken,Kraken,Hercules,Hercules,Hercules,,,,,,,,,,,,,,,,,,,
,,,,,,,,,,,,,,,,,,,,,,,,,,,,,,,,,,,,,,,,,,Lance,Lance,Lance,Imperium,Imperium,Imperium,,,,,,,,,,,,,,,,,,,
,,,,,,,,,,,,,,,,,,,,,,,,,,,,,,,,,,,,,,,,,,Lion,Lion,Lion,Inferno,Inferno,Inferno,,,,,,,,,,,,,,,,,,,
,,,,,,,,,,,,,,,,,,,,,,,,,,,,,,,,,,,,,,,,,,Mustang,Mustang,Mustang,Juggernaut,Juggernaut,Juggernaut,,,,,,,,,,,,,,,,,,,
,,,,,,,,,,,,,,,,,,,,,,,,,,,,,,,,,,,,,,,,,,Nightfall,Nightfall,Nightfall,Manticoran,Manticoran,Manticoran,,,,,,,,,,,,,,,,,,,
,,,,,,,,,,,,,,,,,,,,,,,,,,,,,,,,,,,,,,,,,,Nightwatch,Nightwatch,Nightwatch,Nike,Nike,Nike,,,,,,,,,,,,,,,,,,,
,,,,,,,,,,,,,,,,,,,,,,,,,,,,,,,,,,,,,,,,,,Nimbus,Nimbus,Nimbus,Longstop,Longstop,Longstop,,,,,,,,,,,,,,,,,,,
,,,,,,,,,,,,,,,,,,,,,,,,,,,,,,,,,,,,,,,,,,Nova,Nova,Nova,Guardian,Guardian,Guardian,,,,,,,,,,,,,,,,,,,
,,,,,,,,,,,,,,,,,,,,,,,,,,,,,,,,,,,,,,,,,,Oblivion,Oblivion,Oblivion,Defender,Defender,Defender,,,,,,,,,,,,,,,,,,,
,,,,,,,,,,,,,,,,,,,,,,,,,,,,,,,,,,,,,,,,,,Omega,Omega,Omega,Renown,Renown,Renown,,,,,,,,,,,,,,,,,,,
,,,,,,,,,,,,,,,,,,,,,,,,,,,,,,,,,,,,,,,,,,Panther,Panther,Panther,Invincible,Invincible,Invincible,,,,,,,,,,,,,,,,,,,
,,,,,,,,,,,,,,,,,,,,,,,,,,,,,,,,,,,,,,,,,,Phoenix,Phoenix,Phoenix,Grayson,Grayson,Grayson,,,,,,,,,,,,,,,,,,,
,,,,,,,,,,,,,,,,,,,,,,,,,,,,,,,,,,,,,,,,,,Raptor,Raptor,Raptor,Shigure,Shigure,Shigure,,,,,,,,,,,,,,,,,,,
,,,,,,,,,,,,,,,,,,,,,,,,,,,,,,,,,,,,,,,,,,Retaliator,Retaliator,Retaliator,Aldebaran,Aldebaran,Aldebaran,,,,,,,,,,,,,,,,,,,
,,,,,,,,,,,,,,,,,,,,,,,,,,,,,,,,,,,,,,,,,,Sabre,Sabre,Sabre,Renown,Renown,Renown,,,,,,,,,,,,,,,,,,,
,,,,,,,,,,,,,,,,,,,,,,,,,,,,,,,,,,,,,,,,,,Shrike,Shrike,Shrike,Minotaur,Minotaur,Minotaur,,,,,,,,,,,,,,,,,,,
,,,,,,,,,,,,,,,,,,,,,,,,,,,,,,,,,,,,,,,,,,Spectre,Spectre,Spectre,Triumph,Triumph,Triumph,,,,,,,,,,,,,,,,,,,
,,,,,,,,,,,,,,,,,,,,,,,,,,,,,,,,,,,,,,,,,,Tempest,Tempest,Tempest,Apollo,Apollo,Apollo,,,,,,,,,,,,,,,,,,,
,,,,,,,,,,,,,,,,,,,,,,,,,,,,,,,,,,,,,,,,,,Thunderhead,Thunderhead,Thunderhead,Tempest,Tempest,Tempest,,,,,,,,,,,,,,,,,,,
,,,,,,,,,,,,,,,,,,,,,,,,,,,,,,,,,,,,,,,,,,Trinity,Trinity,Trinity,Desforge,Desforge,Desforge,,,,,,,,,,,,,,,,,,,
,,,,,,,,,,,,,,,,,,,,,,,,,,,,,,,,,,,,,,,,,,Void,Void,Void,Dauntless,Dauntless,Dauntless,,,,,,,,,,,,,,,,,,,
,,,,,,,,,,,,,,,,,,,,,,,,,,,,,,,,,,,,,,,,,,Warlord,Warlord,Warlord,Black Knight,Black Knight,Black Knight,,,,,,,,,,,,,,,,,,,
,,,,,,,,,,,,,,,,,,,,,,,,,,,,,,,,,,,,,,,,,,Windrider,Windrider,Windrider,,,,,,,,,,,,,,,,,,,,,,
,,,,,,,,,,,,,,,,,,,,,,,,,,,,,,,,,,,,,,,,,,Wraith,Wraith,Wraith,,,,,,,,,,,,,,,,,,,,,,
,,,,,,,,,,,,,,,,,,,,,,,,,,,,,,,,,,,,,,,,,,Abraxas,Abraxas,Abraxas,,,,,,,,,,,,,,,,,,,,,,
,,,,,,,,,,,,,,,,,,,,,,,,,,,,,,,,,,,,,,,,,,Ahab,Ahab,Ahab,,,,,,,,,,,,,,,,,,,,,,
,,,,,,,,,,,,,,,,,,,,,,,,,,,,,,,,,,,,,,,,,,Andromeda,Andromeda,Andromeda,,,,,,,,,,,,,,,,,,,,,,
,,,,,,,,,,,,,,,,,,,,,,,,,,,,,,,,,,,,,,,,,,Arcadia,Arcadia,Arcadia,,,,,,,,,,,,,,,,,,,,,,
,,,,,,,,,,,,,,,,,,,,,,,,,,,,,,,,,,,,,,,,,,Ares,Ares,Ares,,,,,,,,,,,,,,,,,,,,,,
,,,,,,,,,,,,,,,,,,,,,,,,,,,,,,,,,,,,,,,,,,Armageddon,Armageddon,Armageddon,,,,,,,,,,,,,,,,,,,,,,
,,,,,,,,,,,,,,,,,,,,,,,,,,,,,,,,,,,,,,,,,,Asp,Asp,Asp,,,,,,,,,,,,,,,,,,,,,,
,,,,,,,,,,,,,,,,,,,,,,,,,,,,,,,,,,,,,,,,,,Barracuda,Barracuda,Barracuda,,,,,,,,,,,,,,,,,,,,,,
,,,,,,,,,,,,,,,,,,,,,,,,,,,,,,,,,,,,,,,,,,Basilisk,Basilisk,Basilisk,,,,,,,,,,,,,,,,,,,,,,
,,,,,,,,,,,,,,,,,,,,,,,,,,,,,,,,,,,,,,,,,,Berserker,Berserker,Berserker,,,,,,,,,,,,,,,,,,,,,,
,,,,,,,,,,,,,,,,,,,,,,,,,,,,,,,,,,,,,,,,,,Blackout,Blackout,Blackout,,,,,,,,,,,,,,,,,,,,,,
,,,,,,,,,,,,,,,,,,,,,,,,,,,,,,,,,,,,,,,,,,Blaze,Blaze,Blaze,,,,,,,,,,,,,,,,,,,,,,
,,,,,,,,,,,,,,,,,,,,,,,,,,,,,,,,,,,,,,,,,,Brawler,Brawler,Brawler,,,,,,,,,,,,,,,,,,,,,,
,,,,,,,,,,,,,,,,,,,,,,,,,,,,,,,,,,,,,,,,,,Bullet,Bullet,Bullet,,,,,,,,,,,,,,,,,,,,,,
,,,,,,,,,,,,,,,,,,,,,,,,,,,,,,,,,,,,,,,,,,Caltrop,Caltrop,Caltrop,,,,,,,,,,,,,,,,,,,,,,
,,,,,,,,,,,,,,,,,,,,,,,,,,,,,,,,,,,,,,,,,,Cannon,Cannon,Cannon,,,,,,,,,,,,,,,,,,,,,,
,,,,,,,,,,,,,,,,,,,,,,,,,,,,,,,,,,,,,,,,,,Carnage,Carnage,Carnage,,,,,,,,,,,,,,,,,,,,,,
,,,,,,,,,,,,,,,,,,,,,,,,,,,,,,,,,,,,,,,,,,Carrion,Carrion,Carrion,,,,,,,,,,,,,,,,,,,,,,
,,,,,,,,,,,,,,,,,,,,,,,,,,,,,,,,,,,,,,,,,,Centurion,Centurion,Centurion,,,,,,,,,,,,,,,,,,,,,,
,,,,,,,,,,,,,,,,,,,,,,,,,,,,,,,,,,,,,,,,,,Comet,Comet,Comet,,,,,,,,,,,,,,,,,,,,,,
,,,,,,,,,,,,,,,,,,,,,,,,,,,,,,,,,,,,,,,,,,Crusader,Crusader,Crusader,,,,,,,,,,,,,,,,,,,,,,
,,,,,,,,,,,,,,,,,,,,,,,,,,,,,,,,,,,,,,,,,,Cyclops,Cyclops,Cyclops,,,,,,,,,,,,,,,,,,,,,,
,,,,,,,,,,,,,,,,,,,,,,,,,,,,,,,,,,,,,,,,,,Dagger,Dagger,Dagger,,,,,,,,,,,,,,,,,,,,,,
,,,,,,,,,,,,,,,,,,,,,,,,,,,,,,,,,,,,,,,,,,Darkstar,Darkstar,Darkstar,,,,,,,,,,,,,,,,,,,,,,
,,,,,,,,,,,,,,,,,,,,,,,,,,,,,,,,,,,,,,,,,,Deathstalker,Deathstalker,Deathstalker,,,,,,,,,,,,,,,,,,,,,,
,,,,,,,,,,,,,,,,,,,,,,,,,,,,,,,,,,,,,,,,,,Defender,Defender,Defender,,,,,,,,,,,,,,,,,,,,,,
,,,,,,,,,,,,,,,,,,,,,,,,,,,,,,,,,,,,,,,,,,Desperado,Desperado,Desperado,,,,,,,,,,,,,,,,,,,,,,
,,,,,,,,,,,,,,,,,,,,,,,,,,,,,,,,,,,,,,,,,,Devastator,Devastator,Devastator,,,,,,,,,,,,,,,,,,,,,,
,,,,,,,,,,,,,,,,,,,,,,,,,,,,,,,,,,,,,,,,,,Diamondback,Diamondback,Diamondback,,,,,,,,,,,,,,,,,,,,,,
,,,,,,,,,,,,,,,,,,,,,,,,,,,,,,,,,,,,,,,,,,Dominion,Dominion,Dominion,,,,,,,,,,,,,,,,,,,,,,
,,,,,,,,,,,,,,,,,,,,,,,,,,,,,,,,,,,,,,,,,,Dragon,Dragon,Dragon,,,,,,,,,,,,,,,,,,,,,,
,,,,,,,,,,,,,,,,,,,,,,,,,,,,,,,,,,,,,,,,,,Gargoyle,Gargoyle,Gargoyle,,,,,,,,,,,,,,,,,,,,,,
,,,,,,,,,,,,,,,,,,,,,,,,,,,,,,,,,,,,,,,,,,Harbinger,Harbinger,Harbinger,,,,,,,,,,,,,,,,,,,,,,
,,,,,,,,,,,,,,,,,,,,,,,,,,,,,,,,,,,,,,,,,,Hellion,Hellion,Hellion,,,,,,,,,,,,,,,,,,,,,,
,,,,,,,,,,,,,,,,,,,,,,,,,,,,,,,,,,,,,,,,,,Hornet,Hornet,Hornet,,,,,,,,,,,,,,,,,,,,,,
,,,,,,,,,,,,,,,,,,,,,,,,,,,,,,,,,,,,,,,,,,Hyperion,Hyperion,Hyperion,,,,,,,,,,,,,,,,,,,,,,
,,,,,,,,,,,,,,,,,,,,,,,,,,,,,,,,,,,,,,,,,,Imperator,Imperator,Imperator,,,,,,,,,,,,,,,,,,,,,,
,,,,,,,,,,,,,,,,,,,,,,,,,,,,,,,,,,,,,,,,,,Star Knight,Star Knight,Star Knight,,,,,,,,,,,,,,,,,,,,,,
,,,,,,,,,,,,,,,,,,,,,,,,,,,,,,,,,,,,,,,,,,King William,King William,King William,,,,,,,,,,,,,,,,,,,,,,
,,,,,,,,,,,,,,,,,,,,,,,,,,,,,,,,,,,,,,,,,,Rocinante,Rocinante,Rocinante,,,,,,,,,,,,,,,,,,,,,,
,,,,,,,,,,,,,,,,,,,,,,,,,,,,,,,,,,,,,,,,,,Sword,Sword,Sword,,,,,,,,,,,,,,,,,,,,,,
,,,,,,,,,,,,,,,,,,,,,,,,,,,,,,,,,,,,,,,,,,Beowulf,Beowulf,Beowulf,,,,,,,,,,,,,,,,,,,,,,
,,,,,,,,,,,,,,,,,,,,,,,,,,,,,,,,,,,,,,,,,,Centaur,Centaur,Centaur,,,,,,,,,,,,,,,,,,,,,,
,,,,,,,,,,,,,,,,,,,,,,,,,,,,,,,,,,,,,,,,,,Scythe,Scythe,Scythe,,,,,,,,,,,,,,,,,,,,,,
,,,,,,,,,,,,,,,,,,,,,,,,,,,,,,,,,,,,,,,,,,Cobra,Cobra,Cobra,,,,,,,,,,,,,,,,,,,,,,
,,,,,,,,,,,,,,,,,,,,,,,,,,,,,,,,,,,,,,,,,,Pegasus,Pegasus,Pegasus,,,,,,,,,,,,,,,,,,,,,,
,,,,,,,,,,,,,,,,,,,,,,,,,,,,,,,,,,,,,,,,,,Starfist,Starfist,Starfist,,,,,,,,,,,,,,,,,,,,,,
,,,,,,,,,,,,,,,,,,,,,,,,,,,,,,,,,,,,,,,,,,Flashfire,Flashfire,Flashfire,,,,,,,,,,,,,,,,,,,,,,
,,,,,,,,,,,,,,,,,,,,,,,,,,,,,,,,,,,,,,,,,,Honor,Honor,Honor,,,,,,,,,,,,,,,,,,,,,,
,,,,,,,,,,,,,,,,,,,,,,,,,,,,,,,,,,,,,,,,,,Ajax,Ajax,Ajax,,,,,,,,,,,,,,,,,,,,,,
,,,,,,,,,,,,,,,,,,,,,,,,,,,,,,,,,,,,,,,,,,Wraith,Wraith,Wraith,,,,,,,,,,,,,,,,,,,,,,
,,,,,,,,,,,,,,,,,,,,,,,,,,,,,,,,,,,,,,,,,,Invictus,Invictus,Invictus,,,,,,,,,,,,,,,,,,,,,,
,,,,,,,,,,,,,,,,,,,,,,,,,,,,,,,,,,,,,,,,,,Corsair,Corsair,Corsair,,,,,,,,,,,,,,,,,,,,,,
,,,,,,,,,,,,,,,,,,,,,,,,,,,,,,,,,,,,,,,,,,Cyclone,Cyclone,Cyclone,,,,,,,,,,,,,,,,,,,,,,
,,,,,,,,,,,,,,,,,,,,,,,,,,,,,,,,,,,,,,,,,,Hammer,Hammer,Hammer,,,,,,,,,,,,,,,,,,,,,,
,,,,,,,,,,,,,,,,,,,,,,,,,,,,,,,,,,,,,,,,,,Predator,Predator,Predator,,,,,,,,,,,,,,,,,,,,,,
,,,,,,,,,,,,,,,,,,,,,,,,,,,,,,,,,,,,,,,,,,Revenant,Revenant,Revenant,,,,,,,,,,,,,,,,,,,,,,
,,,,,,,,,,,,,,,,,,,,,,,,,,,,,,,,,,,,,,,,,,Condor,Condor,Condor,,,,,,,,,,,,,,,,,,,,,,
,,,,,,,,,,,,,,,,,,,,,,,,,,,,,,,,,,,,,,,,,,Sentinel,Sentinel,Sentinel,,,,,,,,,,,,,,,,,,,,,,
,,,,,,,,,,,,,,,,,,,,,,,,,,,,,,,,,,,,,,,,,,Thunderbolt,Thunderbolt,Thunderbolt,,,,,,,,,,,,,,,,,,,,,,
,,,,,,,,,,,,,,,,,,,,,,,,,,,,,,,,,,,,,,,,,,Arrow,Arrow,Arrow,,,,,,,,,,,,,,,,,,,,,,
,,,,,,,,,,,,,,,,,,,,,,,,,,,,,,,,,,,,,,,,,,Nightingale,Nightingale,Nightingale,,,,,,,,,,,,,,,,,,,,,,
,,,,,,,,,,,,,,,,,,,,,,,,,,,,,,,,,,,,,,,,,,Thunderbird,Thunderbird,Thunderbird,,,,,,,,,,,,,,,,,,,,,,
,,,,,,,,,,,,,,,,,,,,,,,,,,,,,,,,,,,,,,,,,,Vesuvius,Vesuvius,Vesuvius,,,,,,,,,,,,,,,,,,,,,,
,,,,,,,,,,,,,,,,,,,,,,,,,,,,,,,,,,,,,,,,,,Hurricane,Hurricane,Hurricane,,,,,,,,,,,,,,,,,,,,,,
,,,,,,,,,,,,,,,,,,,,,,,,,,,,,,,,,,,,,,,,,,Kestrel,Kestrel,Kestrel,,,,,,,,,,,,,,,,,,,,,,
,,,,,,,,,,,,,,,,,,,,,,,,,,,,,,,,,,,,,,,,,,Grizzly,Grizzly,Grizzly,,,,,,,,,,,,,,,,,,,,,,
,,,,,,,,,,,,,,,,,,,,,,,,,,,,,,,,,,,,,,,,,,Jaguar,Jaguar,Jaguar,,,,,,,,,,,,,,,,,,,,,,
,,,,,,,,,,,,,,,,,,,,,,,,,,,,,,,,,,,,,,,,,,Marauder,Marauder,Marauder,,,,,,,,,,,,,,,,,,,,,,
,,,,,,,,,,,,,,,,,,,,,,,,,,,,,,,,,,,,,,,,,,Osprey,Osprey,Osprey,,,,,,,,,,,,,,,,,,,,,,
,,,,,,,,,,,,,,,,,,,,,,,,,,,,,,,,,,,,,,,,,,Raven,Raven,Raven,,,,,,,,,,,,,,,,,,,,,,
,,,,,,,,,,,,,,,,,,,,,,,,,,,,,,,,,,,,,,,,,,Renegade,Renegade,Renegade,,,,,,,,,,,,,,,,,,,,,,
,,,,,,,,,,,,,,,,,,,,,,,,,,,,,,,,,,,,,,,,,,Sabre,Sabre,Sabre,,,,,,,,,,,,,,,,,,,,,,
,,,,,,,,,,,,,,,,,,,,,,,,,,,,,,,,,,,,,,,,,,Scorpion,Scorpion,Scorpion,,,,,,,,,,,,,,,,,,,,,,
,,,,,,,,,,,,,,,,,,,,,,,,,,,,,,,,,,,,,,,,,,Shrike,Shrike,Shrike,,,,,,,,,,,,,,,,,,,,,,
,,,,,,,,,,,,,,,,,,,,,,,,,,,,,,,,,,,,,,,,,,Storm,Storm,Storm,,,,,,,,,,,,,,,,,,,,,,
,,,,,,,,,,,,,,,,,,,,,,,,,,,,,,,,,,,,,,,,,,Sunburst,Sunburst,Sunburst,,,,,,,,,,,,,,,,,,,,,,
,,,,,,,,,,,,,,,,,,,,,,,,,,,,,,,,,,,,,,,,,,Tempest,Tempest,Tempest,,,,,,,,,,,,,,,,,,,,,,
,,,,,,,,,,,,,,,,,,,,,,,,,,,,,,,,,,,,,,,,,,Titan,Titan,Titan,,,,,,,,,,,,,,,,,,,,,,
,,,,,,,,,,,,,,,,,,,,,,,,,,,,,,,,,,,,,,,,,,Tornado,Tornado,Tornado,,,,,,,,,,,,,,,,,,,,,,
,,,,,,,,,,,,,,,,,,,,,,,,,,,,,,,,,,,,,,,,,,Undaunted,Undaunted,Undaunted,,,,,,,,,,,,,,,,,,,,,,
,,,,,,,,,,,,,,,,,,,,,,,,,,,,,,,,,,,,,,,,,,Valkyrie,Valkyrie,Valkyrie,,,,,,,,,,,,,,,,,,,,,,
,,,,,,,,,,,,,,,,,,,,,,,,,,,,,,,,,,,,,,,,,,Vindicator,Vindicator,Vindicator,,,,,,,,,,,,,,,,,,,,,,
,,,,,,,,,,,,,,,,,,,,,,,,,,,,,,,,,,,,,,,,,,Warhawk,Warhawk,Warhawk,,,,,,,,,,,,,,,,,,,,,,
,,,,,,,,,,,,,,,,,,,,,,,,,,,,,,,,,,,,,,,,,,Widowmaker,Widowmaker,Widowmaker,,,,,,,,,,,,,,,,,,,,,,
,,,,,,,,,,,,,,,,,,,,,,,,,,,,,,,,,,,,,,,,,,Wolfpack,Wolfpack,Wolfpack,,,,,,,,,,,,,,,,,,,,,,
,,,,,,,,,,,,,,,,,,,,,,,,,,,,,,,,,,,,,,,,,,Aerofighter,Aerofighter,Aerofighter,,,,,,,,,,,,,,,,,,,,,,
,,,,,,,,,,,,,,,,,,,,,,,,,,,,,,,,,,,,,,,,,,Eclipse,Eclipse,Eclipse,,,,,,,,,,,,,,,,,,,,,,
,,,,,,,,,,,,,,,,,,,,,,,,,,,,,,,,,,,,,,,,,,Fury,Fury,Fury,,,,,,,,,,,,,,,,,,,,,,
,,,,,,,,,,,,,,,,,,,,,,,,,,,,,,,,,,,,,,,,,,Bloodhound,Bloodhound,Bloodhound,,,,,,,,,,,,,,,,,,,,,,
,,,,,,,,,,,,,,,,,,,,,,,,,,,,,,,,,,,,,,,,,,Chimera,Chimera,Chimera,,,,,,,,,,,,,,,,,,,,,,
,,,,,,,,,,,,,,,,,,,,,,,,,,,,,,,,,,,,,,,,,,Colossus,Colossus,Colossus,,,,,,,,,,,,,,,,,,,,,,
,,,,,,,,,,,,,,,,,,,,,,,,,,,,,,,,,,,,,,,,,,Crusader,Crusader,Crusader,,,,,,,,,,,,,,,,,,,,,,
,,,,,,,,,,,,,,,,,,,,,,,,,,,,,,,,,,,,,,,,,,Dagger,Dagger,Dagger,,,,,,,,,,,,,,,,,,,,,,
,,,,,,,,,,,,,,,,,,,,,,,,,,,,,,,,,,,,,,,,,,Desperado,Desperado,Desperado,,,,,,,,,,,,,,,,,,,,,,
,,,,,,,,,,,,,,,,,,,,,,,,,,,,,,,,,,,,,,,,,,Gorgon,Gorgon,Gorgon,,,,,,,,,,,,,,,,,,,,,,
,,,,,,,,,,,,,,,,,,,,,,,,,,,,,,,,,,,,,,,,,,Hammerhead,Hammerhead,Hammerhead,,,,,,,,,,,,,,,,,,,,,,
,,,,,,,,,,,,,,,,,,,,,,,,,,,,,,,,,,,,,,,,,,Harpoon,Harpoon,Harpoon,,,,,,,,,,,,,,,,,,,,,,
,,,,,,,,,,,,,,,,,,,,,,,,,,,,,,,,,,,,,,,,,,Hellfire,Hellfire,Hellfire,,,,,,,,,,,,,,,,,,,,,,
,,,,,,,,,,,,,,,,,,,,,,,,,,,,,,,,,,,,,,,,,,Hydra,Hydra,Hydra,,,,,,,,,,,,,,,,,,,,,,
,,,,,,,,,,,,,,,,,,,,,,,,,,,,,,,,,,,,,,,,,,Intrepid,Intrepid,Intrepid,,,,,,,,,,,,,,,,,,,,,,
,,,,,,,,,,,,,,,,,,,,,,,,,,,,,,,,,,,,,,,,,,Javelin,Javelin,Javelin,,,,,,,,,,,,,,,,,,,,,,
,,,,,,,,,,,,,,,,,,,,,,,,,,,,,,,,,,,,,,,,,,Leviathan,Leviathan,Leviathan,,,,,,,,,,,,,,,,,,,,,,
,,,,,,,,,,,,,,,,,,,,,,,,,,,,,,,,,,,,,,,,,,Locust,Locust,Locust,,,,,,,,,,,,,,,,,,,,,,
,,,,,,,,,,,,,,,,,,,,,,,,,,,,,,,,,,,,,,,,,,Mercury,Mercury,Mercury,,,,,,,,,,,,,,,,,,,,,,
,,,,,,,,,,,,,,,,,,,,,,,,,,,,,,,,,,,,,,,,,,Odyssey,Odyssey,Odyssey,,,,,,,,,,,,,,,,,,,,,,
,,,,,,,,,,,,,,,,,,,,,,,,,,,,,,,,,,,,,,,,,,Onslaught,Onslaught,Onslaught,,,,,,,,,,,,,,,,,,,,,,
,,,,,,,,,,,,,,,,,,,,,,,,,,,,,,,,,,,,,,,,,,Orion,Orion,Orion,,,,,,,,,,,,,,,,,,,,,,
,,,,,,,,,,,,,,,,,,,,,,,,,,,,,,,,,,,,,,,,,,Phantom,Phantom,Phantom,,,,,,,,,,,,,,,,,,,,,,
,,,,,,,,,,,,,,,,,,,,,,,,,,,,,,,,,,,,,,,,,,Shadow,Shadow,Shadow,,,,,,,,,,,,,,,,,,,,,,
,,,,,,,,,,,,,,,,,,,,,,,,,,,,,,,,,,,,,,,,,,Sphinx,Sphinx,Sphinx,,,,,,,,,,,,,,,,,,,,,,
,,,,,,,,,,,,,,,,,,,,,,,,,,,,,,,,,,,,,,,,,,Spitfire,Spitfire,Spitfire,,,,,,,,,,,,,,,,,,,,,,
,,,,,,,,,,,,,,,,,,,,,,,,,,,,,,,,,,,,,,,,,,Striker,Striker,Striker,,,,,,,,,,,,,,,,,,,,,,
,,,,,,,,,,,,,,,,,,,,,,,,,,,,,,,,,,,,,,,,,,Viper,Viper,Viper,,,,,,,,,,,,,,,,,,,,,,
,,,,,,,,,,,,,,,,,,,,,,,,,,,,,,,,,,,,,,,,,,Wildcat,Wildcat,Wildcat,,,,,,,,,,,,,,,,,,,,,,
,,,,,,,,,,,,,,,,,,,,,,,,,,,,,,,,,,,,,,,,,,Zeus,Zeus,Zeus,,,,,,,,,,,,,,,,,,,,,,
,,,,,,,,,,,,,,,,,,,,,,,,,,,,,,,,,,,,,,,,,,Achilles,Achilles,Achilles,,,,,,,,,,,,,,,,,,,,,,
,,,,,,,,,,,,,,,,,,,,,,,,,,,,,,,,,,,,,,,,,,Anvil,Anvil,Anvil,,,,,,,,,,,,,,,,,,,,,,
,,,,,,,,,,,,,,,,,,,,,,,,,,,,,,,,,,,,,,,,,,Archangel,Archangel,Archangel,,,,,,,,,,,,,,,,,,,,,,
,,,,,,,,,,,,,,,,,,,,,,,,,,,,,,,,,,,,,,,,,,Aviator,Aviator,Aviator,,,,,,,,,,,,,,,,,,,,,,
,,,,,,,,,,,,,,,,,,,,,,,,,,,,,,,,,,,,,,,,,,Banshee,Banshee,Banshee,,,,,,,,,,,,,,,,,,,,,,
,,,,,,,,,,,,,,,,,,,,,,,,,,,,,,,,,,,,,,,,,,Bear,Bear,Bear,,,,,,,,,,,,,,,,,,,,,,
,,,,,,,,,,,,,,,,,,,,,,,,,,,,,,,,,,,,,,,,,,Beholder,Beholder,Beholder,,,,,,,,,,,,,,,,,,,,,,
,,,,,,,,,,,,,,,,,,,,,,,,,,,,,,,,,,,,,,,,,,Blackhawk,Blackhawk,Blackhawk,,,,,,,,,,,,,,,,,,,,,,
,,,,,,,,,,,,,,,,,,,,,,,,,,,,,,,,,,,,,,,,,,Blade,Blade,Blade,,,,,,,,,,,,,,,,,,,,,,
,,,,,,,,,,,,,,,,,,,,,,,,,,,,,,,,,,,,,,,,,,Bluejay,Bluejay,Bluejay,,,,,,,,,,,,,,,,,,,,,,
,,,,,,,,,,,,,,,,,,,,,,,,,,,,,,,,,,,,,,,,,,Buccaneer,Buccaneer,Buccaneer,,,,,,,,,,,,,,,,,,,,,,
,,,,,,,,,,,,,,,,,,,,,,,,,,,,,,,,,,,,,,,,,,Demon,Demon,Demon,,,,,,,,,,,,,,,,,,,,,,
,,,,,,,,,,,,,,,,,,,,,,,,,,,,,,,,,,,,,,,,,,Enforcer,Enforcer,Enforcer,,,,,,,,,,,,,,,,,,,,,,
,,,,,,,,,,,,,,,,,,,,,,,,,,,,,,,,,,,,,,,,,,Falcon,Falcon,Falcon,,,,,,,,,,,,,,,,,,,,,,
,,,,,,,,,,,,,,,,,,,,,,,,,,,,,,,,,,,,,,,,,,Gambit,Gambit,Gambit,,,,,,,,,,,,,,,,,,,,,,
,,,,,,,,,,,,,,,,,,,,,,,,,,,,,,,,,,,,,,,,,,Ghost,Ghost,Ghost,,,,,,,,,,,,,,,,,,,,,,
,,,,,,,,,,,,,,,,,,,,,,,,,,,,,,,,,,,,,,,,,,Gladiator,Gladiator,Gladiator,,,,,,,,,,,,,,,,,,,,,,
,,,,,,,,,,,,,,,,,,,,,,,,,,,,,,,,,,,,,,,,,,Griffin,Griffin,Griffin,,,,,,,,,,,,,,,,,,,,,,
,,,,,,,,,,,,,,,,,,,,,,,,,,,,,,,,,,,,,,,,,,Hades,Hades,Hades,,,,,,,,,,,,,,,,,,,,,,
,,,,,,,,,,,,,,,,,,,,,,,,,,,,,,,,,,,,,,,,,,Harrier,Harrier,Harrier,,,,,,,,,,,,,,,,,,,,,,
,,,,,,,,,,,,,,,,,,,,,,,,,,,,,,,,,,,,,,,,,,Hunter,Hunter,Hunter,,,,,,,,,,,,,,,,,,,,,,
,,,,,,,,,,,,,,,,,,,,,,,,,,,,,,,,,,,,,,,,,,Incubus,Incubus,Incubus,,,,,,,,,,,,,,,,,,,,,,
,,,,,,,,,,,,,,,,,,,,,,,,,,,,,,,,,,,,,,,,,,Intruder,Intruder,Intruder,,,,,,,,,,,,,,,,,,,,,,
,,,,,,,,,,,,,,,,,,,,,,,,,,,,,,,,,,,,,,,,,,Justice,Justice,Justice,,,,,,,,,,,,,,,,,,,,,,
,,,,,,,,,,,,,,,,,,,,,,,,,,,,,,,,,,,,,,,,,,Kraken,Kraken,Kraken,,,,,,,,,,,,,,,,,,,,,,